{
  "name": "abdmob/x2js",
  "version": "1.1.7",
  "main": "xml2json.min.js",
  "description": "XML <=> JSON mapping/converting library",
  "license": "Apache Licence v2",
  "ignore": [
    ".hg*",
    ".project",
    "*.html",
    "**/*.txt"
  ],
  "homepage": "https://github.com/abdmob/x2js",
  "_release": "1.1.7",
  "_resolution": {
    "type": "version",
    "tag": "v1.1.7",
    "commit": "cc022eb163cdd95e0e16bb1036f04421034e0f5d"
  },
  "_source": "git://github.com/abdmob/x2js.git",
  "_target": "*",
  "_originalSource": "x2js"
}