{
  "name": "angular-x2js",
  "version": "0.2.0",
  "main": "dist/x2js.min.js",
  "authors": [
    "cesar.bmcosta@gmail.com"
  ],
  "description": "Demo",
  "keywords": [],
  "license": "MIT",
  "ignore": [
    "**/.*",
    "node_modules",
    "bower_components",
    "test",
    "tests"
  ],
  "dependencies": {
    "angular": "~1.3.0",
    "x2js": "*"
  },
  "devDependencies": {
    "angular-mocks": "~1.3.0"
  },
  "homepage": "https://github.com/cesarbarone/angular-x2js",
  "_release": "0.2.0",
  "_resolution": {
    "type": "version",
    "tag": "0.2.0",
    "commit": "bae1044fbc3afbbd7cf5884bf27209a817527fc4"
  },
  "_source": "git://github.com/cesarbarone/angular-x2js.git",
  "_target": "~0.2.0",
  "_originalSource": "angular-x2js",
  "_direct": true
}